Wall time,Step,Value
1758081390.945773,0,-0.39039042592048645
1758081396.9339685,1,-0.3201252520084381
1758081402.7948182,2,-0.3029305338859558
1758081408.7794428,3,-0.3171755075454712
1758081414.649508,4,-0.30384740233421326
1758081420.5212529,5,-0.28373467922210693
1758081426.5211086,6,-0.2774803042411804
1758081432.46108,7,-0.2631153464317322
1758081438.42294,8,-0.25100332498550415
1758081444.3827639,9,-0.24908190965652466
1758081450.3322814,10,-0.23855119943618774
1758081456.3436577,11,-0.2324536144733429
1758081462.2841167,12,-0.22970712184906006
1758081468.2771912,13,-0.22781679034233093
1758081474.2788818,14,-0.2212231606245041
1758081480.3776693,15,-0.21151237189769745
1758081486.4599211,16,-0.2105472981929779
1758081492.496955,17,-0.20493438839912415
1758081498.495621,18,-0.18453006446361542
1758081504.5127637,19,-0.18516534566879272
1758081510.4833848,20,-0.18478389084339142
1758081516.497798,21,-0.15379054844379425
1758081522.4674506,22,-0.13924826681613922
1758081528.4618375,23,-0.11981049925088882
1758081540.5400543,25,-0.052765991538763046
1758081546.6032171,26,-0.039177779108285904
1758081552.5430646,27,0.011382435448467731
1758081558.5118775,28,0.03546425327658653
1758081564.471273,29,0.06793887913227081
1758081570.467792,30,0.10142586380243301
1758081576.4928474,31,0.14738565683364868
1758081582.5192902,32,0.19915057718753815
1758081588.5882902,33,0.21721355617046356
1758081594.6497602,34,0.32499614357948303
1758081600.7047648,35,0.4318649172782898
1758081606.8055966,36,0.4392535388469696
1758081612.9267373,37,0.6023690700531006
1758081619.0659542,38,0.6604446768760681
1758081625.225179,39,0.6971306800842285
1758081631.391883,40,0.7622789740562439
1758081637.5803132,41,0.8829547166824341
1758081643.7643206,42,0.9633811116218567
1758081649.9381096,43,1.1081608533859253
1758081656.1274157,44,1.1919783353805542
1758081662.3494482,45,1.3154133558273315
1758081668.5925417,46,1.340999722480774
1758081674.8285284,47,1.5254138708114624
1758081681.0641031,48,1.682557225227356
1758081687.2716694,49,1.7523751258850098
1758081693.5194948,50,2.0138330459594727
1758081699.8178215,51,2.227748155593872
1758081706.1214604,52,2.5757479667663574
1758081712.4356375,53,2.657452344894409
1758081718.752462,54,2.8737215995788574
1758081725.1319456,55,2.770035982131958
1758081731.5258837,56,2.9288153648376465
1758081737.91328,57,3.1553568840026855
1758081744.3352566,58,3.50642991065979
1758081750.779797,59,4.025322437286377
1758081757.2077096,60,4.162750720977783
1758081763.696715,61,4.808903694152832
1758081770.177504,62,5.250563621520996
1758081776.6666677,63,5.597464561462402
1758081783.1564734,64,6.057509422302246
1758081789.6817448,65,6.740777015686035
1758081796.1870823,66,6.835787296295166
1758081802.7314231,67,7.114350318908691
1758081809.2420747,68,7.538971424102783
1758081815.7241015,69,7.601527214050293
1758081822.1915917,70,8.005267143249512
1758081828.6606603,71,8.197183609008789
1758081835.0826151,72,8.085598945617676
1758081841.5200765,73,8.526069641113281
1758081848.0110376,74,8.294548034667969
1758081854.5176802,75,8.451605796813965
1758081860.9497142,76,9.07402229309082
1758081867.3718622,77,9.41880989074707
1758081873.7849607,78,9.164299011230469
1758081880.1967597,79,9.889115333557129
1758081886.577253,80,9.664639472961426
1758081892.9902697,81,10.052903175354004
1758081899.3846076,82,10.220603942871094
1758081905.9283814,83,10.33070182800293
1758081912.5056252,84,10.627924919128418
1758081919.0277185,85,10.445900917053223
1758081925.576623,86,10.448759078979492
1758081932.1644435,87,10.394156455993652
1758081938.7463195,88,10.93867301940918
1758081945.318627,89,11.072766304016113
1758081951.9126184,90,11.068717002868652
1758081958.5511208,91,11.461017608642578
1758081965.197971,92,11.91177749633789
1758081971.8798778,93,12.504217147827148
1758081978.6055572,94,12.530496597290039
1758081985.338242,95,12.948997497558594
1758081992.1016185,96,13.06091594696045
1758081998.8674772,97,13.243415832519531
1758082005.6083653,98,13.477096557617188
1758082012.356732,99,13.380607604980469
1758082019.087563,100,13.552987098693848
1758082025.8395226,101,13.869645118713379
1758082032.574057,102,13.856343269348145
1758082039.311481,103,14.063419342041016
1758082046.0766525,104,14.114031791687012
1758082052.840593,105,14.206948280334473
1758082059.592795,106,14.47708511352539
1758082066.3540583,107,14.582307815551758
1758082073.0904493,108,14.674479484558105
1758082079.8305833,109,14.822958946228027
1758082086.5601144,110,14.969863891601562
1758082093.301863,111,14.879960060119629
1758082099.9944925,112,15.168856620788574
1758082106.6637397,113,15.256105422973633
1758082113.2870018,114,15.215776443481445
1758082119.8603246,115,15.446904182434082
1758082126.3674748,116,15.570592880249023
1758082132.8525586,117,15.67661190032959
1758082139.339204,118,15.749567031860352
1758082145.7700686,119,15.848560333251953
1758082152.155157,120,15.93551254272461
1758082158.5419486,121,16.060962677001953
1758082164.8291721,122,16.14174461364746
1758082171.0478299,123,16.231361389160156
1758082177.2060823,124,16.300521850585938
1758082183.2674391,125,16.376033782958984
1758082189.244892,126,16.44196128845215
1758082195.2156415,127,16.50739288330078
1758082201.1451142,128,16.593463897705078
1758082207.0658638,129,16.656326293945312
1758082212.9590623,130,16.752197265625
1758082218.862578,131,16.81893539428711
1758082224.7110362,132,16.869421005249023
1758082230.5908625,133,16.96607208251953
1758082236.4507883,134,17.07022476196289
1758082242.3260806,135,17.182281494140625
1758082248.1651726,136,17.278287887573242
1758082254.0246718,137,17.351688385009766
1758082259.879661,138,17.430286407470703
1758082265.716436,139,17.504840850830078
1758082271.511095,140,17.538969039916992
1758082277.331627,141,17.59101676940918
1758082283.0927045,142,17.66162109375
1758082288.8733802,143,17.731460571289062
1758082294.604845,144,17.803695678710938
1758082300.3871212,145,17.854751586914062
1758082306.161992,146,17.938812255859375
1758082311.9408715,147,17.999710083007812
1758082317.771819,148,18.037649154663086
1758082323.614411,149,18.088884353637695
1758082329.4463823,150,18.142549514770508
1758082335.270487,151,18.198488235473633
1758082341.018857,152,18.242483139038086
1758082346.7991621,153,18.29294204711914
1758082352.563479,154,18.339588165283203
1758082358.329952,155,18.390424728393555
1758082364.0934758,156,18.416942596435547
1758082369.8648407,157,18.464590072631836
1758082375.6372583,158,18.498327255249023
1758082381.3766572,159,18.53548812866211
1758082387.1256816,160,18.579132080078125
1758082392.9043925,161,18.61824607849121
1758082398.6592402,162,18.64928436279297
1758082404.4086416,163,18.69156837463379
1758082410.1507614,164,18.717453002929688
1758082415.8912947,165,18.746185302734375
1758082421.588615,166,18.762418746948242
1758082427.3090184,167,18.79767417907715
1758082432.9723003,168,18.823165893554688
1758082438.648249,169,18.847991943359375
1758082444.3281333,170,18.874116897583008
1758082449.980474,171,18.895444869995117
1758082455.6448896,172,18.92270278930664
1758082461.2447598,173,18.936267852783203
1758082466.8891652,174,18.96000862121582
1758082472.5077536,175,18.983421325683594
1758082478.1633236,176,19.01885986328125
1758082483.874483,177,19.0562686920166
1758082489.566375,178,19.07259750366211
1758082495.3026872,179,19.111595153808594
1758082501.032673,180,19.12562370300293
1758082506.7709436,181,19.152698516845703
1758082512.4753733,182,19.159860610961914
1758082518.202839,183,19.175432205200195
1758082523.902648,184,19.209110260009766
1758082529.6131964,185,19.234481811523438
1758082535.3253982,186,19.24856185913086
1758082541.0469189,187,19.25920295715332
1758082546.7989821,188,19.286012649536133
1758082552.5330713,189,19.300622940063477
1758082558.2738156,190,19.32657241821289
1758082564.0481756,191,19.340396881103516
1758082569.8052447,192,19.35650634765625
1758082575.533579,193,19.367897033691406
1758082581.2756398,194,19.383813858032227
1758082587.0318289,195,19.392457962036133
1758082592.7963676,196,19.412288665771484
1758082598.5363395,197,19.427831649780273
1758082604.2968135,198,19.44272232055664
1758082610.058478,199,19.455631256103516
1758082615.809817,200,19.47321128845215
1758082621.5924459,201,19.479206085205078
1758082627.3224502,202,19.492053985595703
1758082633.0697603,203,19.50376319885254
1758082638.817383,204,19.519956588745117
1758082644.5685303,205,19.52933692932129
1758082650.294638,206,19.53539276123047
1758082656.0317583,207,19.553348541259766
1758082661.7202597,208,19.559301376342773
1758082667.4224849,209,19.567930221557617
1758082673.0800796,210,19.574125289916992
1758082678.763662,211,19.582656860351562
1758082684.4196463,212,19.59324073791504
1758082690.053572,213,19.60454750061035
1758082695.6945648,214,19.614864349365234
1758082701.3244169,215,19.623586654663086
1758082706.9763389,216,19.631975173950195
1758082712.6121876,217,19.643009185791016
1758082718.269932,218,19.657001495361328
1758082723.9831228,219,19.677865982055664
1758082729.6750753,220,19.68520164489746
1758082735.4277406,221,19.6964054107666
1758082741.1593332,222,19.707975387573242
1758082746.856306,223,19.715465545654297
1758082752.576253,224,19.722566604614258
1758082758.2906284,225,19.722702026367188
1758082763.9896219,226,19.74241828918457
1758082769.6804864,227,19.74671745300293
1758082775.4001877,228,19.753625869750977
1758082781.1154237,229,19.769018173217773
1758082786.8433595,230,19.776437759399414
1758082792.6112916,231,19.78057861328125
1758082798.3562708,232,19.78557014465332
1758082804.1108122,233,19.800344467163086
1758082809.846606,234,19.8089599609375
1758082815.604188,235,19.805706024169922
1758082821.3523324,236,19.819564819335938
1758082827.1182044,237,19.822734832763672
1758082832.8600914,238,19.83514404296875
1758082838.6161642,239,19.83948516845703
1758082844.3711421,240,19.843704223632812
1758082850.1604788,241,19.851390838623047
1758082855.9200554,242,19.859256744384766
1758082861.6564178,243,19.867877960205078
1758082867.4041185,244,19.873462677001953
1758082873.1726584,245,19.868600845336914
1758082878.93504,246,19.8785457611084
1758082884.7067509,247,19.8851318359375
1758082890.437839,248,19.89864730834961
1758082896.1867914,249,19.898391723632812
1758082901.9104018,250,19.8986759185791
1758082907.6228628,251,19.90313720703125
1758082913.304215,252,19.906482696533203
1758082918.9803727,253,19.916494369506836
1758082924.631452,254,19.917612075805664
1758082930.3138857,255,19.921825408935547
1758082935.940302,256,19.92814826965332
1758082941.5475862,257,19.93269157409668
1758082947.1839168,258,19.941617965698242
1758082952.821951,259,19.945058822631836
1758082958.483712,260,19.950159072875977
1758082964.1714442,261,19.951213836669922
1758082969.8659155,262,19.95745086669922
1758082975.5488234,263,19.955595016479492
1758082981.221827,264,19.964366912841797
1758082986.8840127,265,19.963293075561523
1758082992.5491073,266,19.970211029052734
1758082998.205385,267,19.977922439575195
1758083003.8724902,268,19.981586456298828
1758083009.5420692,269,19.990859985351562
1758083015.2111754,270,19.991817474365234
1758083020.9525032,271,20.000431060791016
1758083026.6900034,272,20.008686065673828
1758083032.4158356,273,20.013525009155273
1758083038.1546755,274,20.020191192626953
1758083043.908268,275,20.01870346069336
1758083049.6604414,276,20.026567459106445
1758083055.398379,277,20.028362274169922
1758083061.1500602,278,20.030141830444336
1758083066.903585,279,20.031322479248047
1758083072.6595972,280,20.038894653320312
1758083078.4425137,281,20.038476943969727
1758083084.183262,282,20.04470443725586
1758083089.938238,283,20.040699005126953
1758083095.6676931,284,20.051973342895508
1758083101.3742154,285,20.053382873535156
1758083107.0913842,286,20.047649383544922
1758083112.812834,287,20.060157775878906
1758083118.5228994,288,20.058364868164062
1758083124.2486444,289,20.060583114624023
1758083129.9595335,290,20.065105438232422
1758083135.6675448,291,20.07128143310547
1758083141.3382564,292,20.07485008239746
1758083147.0062063,293,20.077468872070312
1758083152.6248922,294,20.07917022705078
1758083158.2674034,295,20.084735870361328
1758083163.8856807,296,20.086193084716797
1758083169.5069318,297,20.090007781982422
1758083175.0840976,298,20.09164810180664
1758083180.6836317,299,20.09625816345215
1758083186.2867336,300,20.101869583129883
1758083191.9473388,301,20.10604476928711
1758083197.5832567,302,20.1092529296875
1758083203.227225,303,20.104869842529297
1758083208.8990948,304,20.10470199584961
1758083214.5762897,305,20.104707717895508
1758083220.2240868,306,20.10658073425293
1758083225.8508258,307,20.111751556396484
1758083231.4989188,308,20.11708641052246
1758083237.132012,309,20.124622344970703
1758083242.7883515,310,20.12812042236328
1758083248.4741397,311,20.126014709472656
1758083254.1375895,312,20.127120971679688
1758083259.8498287,313,20.125133514404297
1758083265.525973,314,20.13034439086914
1758083271.2220273,315,20.13726043701172
1758083276.9160337,316,20.143232345581055
1758083282.6253576,317,20.146644592285156
1758083288.3242989,318,20.14553451538086
1758083294.0474703,319,20.15266227722168
1758083299.7616248,320,20.153884887695312
1758083305.4850445,321,20.155372619628906
1758083311.2131665,322,20.162126541137695
1758083316.9205532,323,20.159353256225586
1758083322.638485,324,20.15463638305664
1758083328.357954,325,20.161479949951172
1758083334.050856,326,20.166244506835938
1758083339.7415593,327,20.169546127319336
1758083345.4342957,328,20.172399520874023
1758083351.1360166,329,20.17367935180664
1758083356.8412335,330,20.177108764648438
1758083362.5598764,331,20.179479598999023
1758083368.2485125,332,20.17793083190918
1758083373.8973875,333,20.1851749420166
1758083379.5573094,334,20.18856430053711
1758083385.1731536,335,20.189956665039062
1758083390.7784164,336,20.1876163482666
1758083396.382684,337,20.190052032470703
1758083401.9369762,338,20.189172744750977
1758083407.536121,339,20.18720817565918
1758083413.0873678,340,20.192155838012695
1758083418.697707,341,20.19192886352539
1758083424.2777832,342,20.197816848754883
1758083429.864494,343,20.195281982421875
1758083435.510567,344,20.199054718017578
1758083441.1553867,345,20.209911346435547
1758083446.8180633,346,20.212478637695312
1758083452.4870422,347,20.20656394958496
1758083458.1276076,348,20.215312957763672
1758083463.739012,349,20.217912673950195
1758083469.3922021,350,20.221940994262695
1758083475.043788,351,20.224262237548828
1758083480.6946878,352,20.224882125854492
1758083486.3473144,353,20.23113441467285
1758083492.0072675,354,20.22865867614746
1758083497.705248,355,20.23227882385254
1758083503.3959308,356,20.230573654174805
1758083509.1077337,357,20.2374210357666
1758083514.8172781,358,20.234237670898438
1758083520.5363207,359,20.236318588256836
1758083526.25274,360,20.23552703857422
1758083531.988326,361,20.237943649291992
1758083537.705464,362,20.237865447998047
1758083543.407142,363,20.235658645629883
1758083549.124362,364,20.241893768310547
1758083554.832122,365,20.241029739379883
1758083560.5631032,366,20.24530601501465
1758083566.2826285,367,20.249608993530273
1758083571.972449,368,20.241661071777344
1758083577.6700222,369,20.249799728393555
1758083583.3625324,370,20.251596450805664
1758083589.0874178,371,20.258277893066406
1758083594.7949393,372,20.25697898864746
1758083600.4865134,373,20.256916046142578
1758083606.1515906,374,20.264366149902344
1758083611.7856286,375,20.264144897460938
1758083617.4060931,376,20.267959594726562
1758083622.9690292,377,20.269704818725586
1758083628.5592499,378,20.26868438720703
1758083634.1525764,379,20.265602111816406
1758083639.7114084,380,20.266189575195312
1758083645.322222,381,20.264883041381836
1758083650.8906355,382,20.270174026489258
1758083656.4554992,383,20.27505874633789
1758083662.0362868,384,20.279207229614258
1758083667.6525867,385,20.280542373657227
1758083673.2921467,386,20.2783145904541
1758083678.9335163,387,20.281169891357422
1758083684.5814536,388,20.2847843170166
1758083690.2380955,389,20.285381317138672
1758083695.853703,390,20.287193298339844
1758083701.5125945,391,20.287565231323242
1758083707.1411996,392,20.287879943847656
1758083712.7496958,393,20.282386779785156
1758083718.3599648,394,20.283611297607422
1758083723.9845178,395,20.294612884521484
1758083729.6377845,396,20.293006896972656
1758083735.3027043,397,20.29231834411621
1758083740.9683127,398,20.297147750854492
1758083746.6525445,399,20.293485641479492
1758083752.3348634,400,20.29655647277832
1758083758.0509372,401,20.298137664794922
1758083763.7262099,402,20.2943115234375
1758083769.4255376,403,20.298458099365234
1758083775.1045141,404,20.30045509338379
1758083780.8040752,405,20.299638748168945
1758083786.4859054,406,20.3020076751709
1758083792.1924117,407,20.307811737060547
1758083797.8729627,408,20.304597854614258
1758083803.5390177,409,20.305505752563477
1758083809.195641,410,20.313547134399414
1758083814.8631754,411,20.302186965942383
1758083820.5078104,412,20.313961029052734
1758083826.1635983,413,20.309160232543945
1758083831.8241694,414,20.314516067504883
1758083837.4647079,415,20.31078338623047
1758083843.0860567,416,20.314176559448242
1758083848.6869385,417,20.312252044677734
1758083854.253367,418,20.31278419494629
1758083859.7975492,419,20.315664291381836
1758083865.3464432,420,20.316753387451172
1758083870.9042044,421,20.314468383789062
1758083876.4403162,422,20.31476593017578
1758083881.9624069,423,20.3140811920166
1758083887.4734619,424,20.314239501953125
1758083893.0057595,425,20.319673538208008
1758083898.5736992,426,20.315418243408203
1758083904.1645563,427,20.31870460510254
1758083909.7662396,428,20.32965660095215
1758083915.3990781,429,20.329544067382812
1758083921.0305147,430,20.327577590942383
1758083926.6793797,431,20.324949264526367
1758083932.2804961,432,20.32848358154297
1758083937.8779805,433,20.33635711669922
1758083943.477726,434,20.335508346557617
1758083949.0790386,435,20.3350887298584
1758083954.6894848,436,20.33523178100586
1758083960.29732,437,20.335304260253906
1758083965.9598227,438,20.335763931274414
1758083971.6035259,439,20.336631774902344
1758083977.240174,440,20.341339111328125
1758083982.909027,441,20.334596633911133
1758083988.5822527,442,20.341781616210938
1758083994.2503762,443,20.340557098388672
1758083999.931217,444,20.34990882873535
1758084005.6045306,445,20.3467960357666
1758084011.2596042,446,20.343212127685547
1758084016.9492714,447,20.342863082885742
1758084022.610766,448,20.340293884277344
1758084028.2671123,449,20.352285385131836
1758084033.9647126,450,20.351486206054688
1758084039.646858,451,20.349096298217773
1758084045.2806919,452,20.35299301147461
1758084050.9388313,453,20.353912353515625
1758084056.5850215,454,20.356225967407227
1758084062.243179,455,20.356319427490234
1758084067.9094775,456,20.35333824157715
1758084073.5659177,457,20.356218338012695
1758084079.1687334,458,20.35820198059082
1758084084.771881,459,20.35551643371582
1758084090.3373358,460,20.36171531677246
1758084095.9271922,461,20.361465454101562
1758084101.4974031,462,20.361663818359375
1758084107.009305,463,20.36118507385254
1758084112.565178,464,20.361204147338867
1758084118.0311635,465,20.36548614501953
1758084123.5581553,466,20.367712020874023
1758084129.0658693,467,20.36472511291504
1758084134.6095436,468,20.363290786743164
1758084140.192609,469,20.36325454711914
1758084145.761709,470,20.364704132080078
1758084151.3945956,471,20.367347717285156
1758084156.9877582,472,20.36536407470703
1758084162.5820417,473,20.366430282592773
1758084168.1422596,474,20.368595123291016
1758084173.732293,475,20.373004913330078
1758084179.3056655,476,20.372278213500977
1758084184.8844523,477,20.371187210083008
1758084190.4774797,478,20.37109375
1758084196.0808527,479,20.3707275390625
1758084201.7121084,480,20.376483917236328
1758084207.3763855,481,20.36972999572754
1758084213.0219789,482,20.37342071533203
1758084218.6869123,483,20.373979568481445
1758084224.3444278,484,20.377792358398438
1758084230.008399,485,20.379228591918945
1758084235.6834195,486,20.378183364868164
1758084241.3446321,487,20.380159378051758
1758084247.0105493,488,20.37521743774414
1758084252.690688,489,20.38220977783203
1758084258.3648262,490,20.380884170532227
1758084264.070009,491,20.375905990600586
1758084269.7393987,492,20.38166046142578
1758084275.3969948,493,20.381855010986328
1758084281.0467017,494,20.376909255981445
1758084286.6976526,495,20.380247116088867
1758084292.3432426,496,20.380584716796875
1758084297.995282,497,20.377836227416992
1758084303.6455665,498,20.383787155151367
1758084309.2771358,499,20.38083267211914
1758084314.871124,500,20.378894805908203
1758084320.4849203,501,20.38031578063965
1758084326.0246482,502,20.379457473754883
1758084331.5661643,503,20.37662696838379
1758084337.1165516,504,20.378522872924805
1758084342.6469903,505,20.37934684753418
1758084348.1701913,506,20.382619857788086
1758084353.680356,507,20.38206672668457
1758084359.2242599,508,20.382152557373047
1758084364.7395697,509,20.3814697265625
1758084370.3133185,510,20.383583068847656
1758084375.9408014,511,20.386388778686523
1758084381.5420125,512,20.386245727539062
1758084387.1713414,513,20.38930320739746
1758084392.815239,514,20.385446548461914
1758084398.4127223,515,20.38971710205078
1758084404.0269964,516,20.390905380249023
1758084409.6500309,517,20.39223289489746
1758084415.2500567,518,20.392595291137695
1758084420.8593395,519,20.39064598083496
1758084426.4628513,520,20.394771575927734
1758084432.1288865,521,20.39197540283203
1758084437.8032837,522,20.397506713867188
1758084443.4662492,523,20.394777297973633
1758084449.1363134,524,20.399141311645508
1758084454.8476896,525,20.396875381469727
1758084460.5320144,526,20.401554107666016
1758084466.230943,527,20.399877548217773
1758084471.9206688,528,20.39818000793457
1758084477.612511,529,20.40576934814453
1758084483.2994568,530,20.402982711791992
1758084489.0113063,531,20.408061981201172
1758084494.6943104,532,20.408363342285156
1758084500.3899193,533,20.407201766967773
1758084506.0583599,534,20.408292770385742
1758084511.711821,535,20.409772872924805
1758084517.36434,536,20.41298484802246
1758084522.999032,537,20.415225982666016
1758084528.6409824,538,20.414016723632812
1758084534.2826474,539,20.41492462158203
1758084539.9124715,540,20.41692543029785
1758084545.5418534,541,20.411762237548828
1758084551.1278608,542,20.409358978271484
1758084556.6834302,543,20.414331436157227
1758084562.2251906,544,20.41805076599121
1758084567.758142,545,20.414365768432617
1758084573.2626777,546,20.413511276245117
1758084578.7889342,547,20.414199829101562
1758084584.2627175,548,20.41694450378418
1758084589.747216,549,20.418865203857422
1758084595.2476943,550,20.41847801208496
1758084600.7904203,551,20.41731834411621
1758084606.3318365,552,20.420143127441406
1758084611.877421,553,20.425371170043945
1758084617.4643,554,20.42397689819336
1758084623.0572598,555,20.42085075378418
1758084628.6365433,556,20.421541213989258
1758084634.2061503,557,20.425792694091797
1758084639.7757735,558,20.433074951171875
1758084645.350544,559,20.430782318115234
1758084650.9072127,560,20.426776885986328
1758084656.5096972,561,20.428136825561523
1758084662.1092355,562,20.42959976196289
1758084667.7232356,563,20.42772102355957
1758084673.353615,564,20.432710647583008
1758084678.992727,565,20.43215560913086
1758084684.6404028,566,20.431772232055664
1758084690.3151107,567,20.4348201751709
1758084695.988494,568,20.434240341186523
1758084701.6502988,569,20.438194274902344
1758084707.3332992,570,20.43883514404297
1758084713.01587,571,20.439287185668945
1758084718.6981866,572,20.43451499938965
1758084724.3637881,573,20.44416618347168
1758084730.03396,574,20.441516876220703
1758084735.7233706,575,20.44290542602539
1758084741.3776476,576,20.44210433959961
1758084747.0163503,577,20.439315795898438
1758084752.6601799,578,20.448604583740234
1758084758.328043,579,20.44573974609375
1758084763.9947295,580,20.45041275024414
1758084769.6695132,581,20.44463539123535
1758084775.319341,582,20.44995880126953
1758084780.9202676,583,20.4505615234375
1758084786.5191588,584,20.447723388671875
1758084792.091376,585,20.44793128967285
1758084797.601353,586,20.447145462036133
1758084803.1490932,587,20.448902130126953
1758084808.659491,588,20.450212478637695
1758084814.2113225,589,20.450029373168945
1758084819.7269633,590,20.45086097717285
1758084825.2720606,591,20.44993782043457
1758084830.7791457,592,20.453123092651367
1758084836.3154557,593,20.4541015625
1758084841.8915696,594,20.455116271972656
1758084847.4696023,595,20.457141876220703
1758084853.0798335,596,20.461259841918945
1758084858.688769,597,20.459308624267578
1758084864.3027406,598,20.459575653076172
1758084869.8887637,599,20.460845947265625
1758084875.4999583,600,20.462099075317383
1758084881.1142063,601,20.45798683166504
1758084886.7122364,602,20.459514617919922
1758084892.3211303,603,20.45958709716797
1758084897.9400666,604,20.462106704711914
1758084903.5771568,605,20.46506690979004
1758084909.2386224,606,20.462976455688477
1758084914.8802857,607,20.464401245117188
1758084920.5382392,608,20.46761131286621
1758084926.1954737,609,20.467222213745117
1758084931.8616116,610,20.467626571655273
1758084937.55626,611,20.471282958984375
1758084943.2089415,612,20.466596603393555
1758084948.8653953,613,20.470481872558594
1758084954.5149603,614,20.47374725341797
1758084960.2243447,615,20.469587326049805
1758084965.8812814,616,20.473848342895508
1758084971.539718,617,20.47300910949707
1758084977.1693537,618,20.469717025756836
1758084982.8023307,619,20.472095489501953
1758084988.444969,620,20.47458839416504
1758084994.1093867,621,20.47488021850586
1758084999.7431238,622,20.47604751586914
1758085005.3524988,623,20.473175048828125
1758085010.9584785,624,20.47284507751465
1758085016.5303276,625,20.471641540527344
1758085022.101461,626,20.47388458251953
1758085027.6168883,627,20.473608016967773
1758085033.1423938,628,20.473899841308594
1758085038.6631117,629,20.476938247680664
1758085044.1531765,630,20.47807502746582
1758085049.6914923,631,20.47833824157715
1758085055.203161,632,20.47779655456543
1758085060.719599,633,20.474651336669922
1758085066.2410738,634,20.475330352783203
1758085071.7862356,635,20.475831985473633
1758085077.389742,636,20.477140426635742
1758085082.9867814,637,20.476593017578125
1758085088.6099412,638,20.480100631713867
1758085094.2297182,639,20.477487564086914
1758085099.8298292,640,20.47612190246582
1758085105.4476209,641,20.47272491455078
1758085111.0551069,642,20.478490829467773
1758085116.6512368,643,20.477785110473633
1758085122.2459886,644,20.477550506591797
1758085127.8546715,645,20.481910705566406
1758085133.4670904,646,20.478425979614258
1758085139.1125586,647,20.481332778930664
1758085144.7680104,648,20.474929809570312
1758085150.4388936,649,20.479080200195312
1758085156.1180122,650,20.47943687438965
1758085161.8383057,651,20.479604721069336
1758085167.5266397,652,20.481138229370117
1758085173.2194173,653,20.479976654052734
1758085178.910546,654,20.48856544494629
1758085184.6232493,655,20.482255935668945
1758085190.3466713,656,20.485368728637695
1758085196.0304978,657,20.4833927154541
1758085201.7329144,658,20.48158073425293
1758085207.435402,659,20.48241424560547
1758085213.1016083,660,20.485082626342773
1758085218.7767575,661,20.483139038085938
1758085224.4287844,662,20.48529052734375
1758085230.0837283,663,20.48809051513672
1758085235.7486806,664,20.484201431274414
1758085241.3806827,665,20.489145278930664
1758085247.000263,666,20.488994598388672
1758085252.5681007,667,20.486736297607422
1758085258.118091,668,20.484577178955078
1758085263.6117,669,20.485727310180664
1758085269.1272368,670,20.484834671020508
1758085274.6520474,671,20.48588752746582
1758085280.1475673,672,20.485980987548828
1758085285.6332552,673,20.487804412841797
1758085291.1115227,674,20.4873104095459
1758085296.6005075,675,20.48911476135254
1758085302.0786958,676,20.489215850830078
1758085307.6138904,677,20.488018035888672
1758085313.169719,678,20.488601684570312
1758085318.7623787,679,20.492412567138672
1758085324.4054506,680,20.492815017700195
1758085330.1026576,681,20.49124526977539
1758085335.7154472,682,20.49107551574707
1758085341.3725786,683,20.491079330444336
1758085347.0262084,684,20.493202209472656
1758085352.6639736,685,20.493982315063477
1758085358.3197055,686,20.489580154418945
1758085363.9740534,687,20.48436737060547
1758085369.6115847,688,20.49616813659668
1758085375.2436826,689,20.4939022064209
1758085380.9123847,690,20.49277687072754
1758085386.6143737,691,20.50126075744629
1758085392.3305397,692,20.497528076171875
1758085397.9911582,693,20.496337890625
1758085403.6436224,694,20.496356964111328
1758085409.3796086,695,20.497173309326172
1758085415.11392,696,20.498638153076172
1758085420.812302,697,20.498586654663086
1758085426.516615,698,20.49903106689453
1758085432.1964781,699,20.498544692993164
1758085437.8973637,700,20.503948211669922
1758085443.6055381,701,20.502784729003906
1758085449.2941623,702,20.501741409301758
1758085454.9417014,703,20.50434684753418
1758085460.596757,704,20.50284767150879
1758085466.2791564,705,20.50172996520996
1758085471.9215508,706,20.504127502441406
1758085477.5591524,707,20.508647918701172
1758085483.1631944,708,20.510353088378906
1758085488.7441027,709,20.51217269897461
1758085494.3022323,710,20.51068878173828
1758085499.8641014,711,20.513036727905273
1758085505.4377239,712,20.51032066345215
1758085510.9851587,713,20.512039184570312
1758085516.5269938,714,20.5107364654541
1758085522.071989,715,20.509822845458984
1758085527.585413,716,20.51190185546875
1758085533.0888977,717,20.50669288635254
1758085538.675131,718,20.512338638305664
1758085544.2667325,719,20.515060424804688
1758085549.8675225,720,20.518632888793945
1758085555.509803,721,20.51712417602539
1758085561.108163,722,20.52130699157715
1758085566.6961367,723,20.52244758605957
1758085572.244414,724,20.522441864013672
1758085577.8330686,725,20.521066665649414
1758085583.3748248,726,20.52202606201172
1758085588.9379163,727,20.52412223815918
1758085594.5174594,728,20.526329040527344
1758085600.1115751,729,20.529314041137695
1758085605.74168,730,20.527286529541016
1758085611.4125972,731,20.525243759155273
1758085617.045222,732,20.526018142700195
1758085622.6845443,733,20.52928924560547
1758085628.343117,734,20.526479721069336
1758085634.027759,735,20.527301788330078
1758085639.7141275,736,20.531757354736328
1758085645.4129016,737,20.528390884399414
1758085651.0882192,738,20.530359268188477
1758085656.7887807,739,20.52884864807129
1758085662.4806104,740,20.528871536254883
1758085668.2014906,741,20.530412673950195
1758085673.889684,742,20.52981185913086
1758085679.556222,743,20.529787063598633
1758085685.240043,744,20.530900955200195
1758085690.9239001,745,20.532365798950195
1758085696.593004,746,20.532541275024414
1758085702.2513533,747,20.533592224121094
1758085707.9225905,748,20.526565551757812
1758085713.5910296,749,20.528850555419922
1758085719.2049212,750,20.53022003173828
1758085724.8447666,751,20.532878875732422
1758085730.4308214,752,20.531156539916992
1758085735.9985406,753,20.532758712768555
1758085741.5407727,754,20.53293800354004
1758085747.0995593,755,20.53514862060547
1758085752.6804724,756,20.53493309020996
1758085758.2518275,757,20.53337287902832
1758085763.7906957,758,20.53159523010254
1758085769.2951872,759,20.523897171020508
1758085774.8217595,760,20.523279190063477
1758085780.4457517,761,20.530893325805664
1758085786.022573,762,20.529804229736328
1758085791.6157546,763,20.530296325683594
1758085797.2183297,764,20.53253173828125
1758085802.7883444,765,20.530000686645508
1758085808.3114362,766,20.528785705566406
1758085813.905954,767,20.52989387512207
1758085819.4708972,768,20.531009674072266
1758085825.0752206,769,20.53057861328125
1758085830.694189,770,20.52670669555664
1758085836.3505616,771,20.5256290435791
1758085842.0138824,772,20.52928352355957
1758085847.6711724,773,20.52776527404785
1758085853.3879385,774,20.530153274536133
1758085859.1430101,775,20.527490615844727
1758085864.8846776,776,20.532377243041992
1758085870.6887758,777,20.529172897338867
1758085876.4369717,778,20.532386779785156
1758085882.2305582,779,20.52826499938965
1758085888.0273366,780,20.532676696777344
1758085893.8322608,781,20.5324764251709
1758085899.5559564,782,20.53122329711914
1758085905.2786427,783,20.531658172607422
1758085910.957915,784,20.532299041748047
1758085916.625935,785,20.53009796142578
1758085922.3027277,786,20.530746459960938
1758085927.971376,787,20.531538009643555
1758085933.6294503,788,20.531476974487305
1758085939.3574264,789,20.530832290649414
1758085945.02719,790,20.522199630737305
1758085950.772944,791,20.52842903137207
1758085956.4220886,792,20.53199005126953
1758085962.1044269,793,20.53264808654785
1758085967.5998318,794,20.53086280822754
1758085973.1091092,795,20.53118324279785
1758085978.6112995,796,20.52967643737793
1758085984.1015673,797,20.531761169433594
1758085989.588054,798,20.53139305114746
1758085995.061778,799,20.53116226196289
1758086000.5531664,800,20.529787063598633
1758086006.0916624,801,20.52898406982422
1758086011.6335263,802,20.527555465698242
1758086017.2046225,803,20.525875091552734
1758086022.7788649,804,20.53182601928711
1758086028.3891132,805,20.52983283996582
1758086034.0418906,806,20.532974243164062
1758086039.7635748,807,20.53424072265625
1758086045.403772,808,20.53343963623047
1758086051.0871317,809,20.535808563232422
1758086056.7594872,810,20.52901268005371
1758086062.5039792,811,20.52876091003418
1758086068.1376011,812,20.529109954833984
1758086073.815671,813,20.53507423400879
1758086079.4860458,814,20.5291805267334
1758086085.151717,815,20.53460693359375
1758086090.8491573,816,20.534204483032227
1758086096.578474,817,20.533977508544922
1758086102.3146067,818,20.53521728515625
1758086108.0152,819,20.536998748779297
1758086113.7175045,820,20.538589477539062
1758086119.419258,821,20.54169273376465
1758086125.1167479,822,20.539514541625977
1758086130.7683487,823,20.53895378112793
1758086136.4033787,824,20.5389404296875
1758086142.0651367,825,20.543115615844727
1758086147.6938155,826,20.53742218017578
1758086153.3071322,827,20.536094665527344
1758086158.9367197,828,20.53840446472168
1758086164.5631418,829,20.53889274597168
1758086170.193787,830,20.54526138305664
1758086175.8589442,831,20.54346466064453
1758086181.483913,832,20.545501708984375
1758086187.065668,833,20.544700622558594
1758086192.6373858,834,20.542686462402344
1758086198.1643884,835,20.543136596679688
1758086203.7108853,836,20.54397964477539
1758086209.2539864,837,20.543907165527344
1758086214.735053,838,20.544559478759766
1758086220.243422,839,20.544336318969727
1758086225.7298288,840,20.544811248779297
1758086231.2501445,841,20.545007705688477
1758086236.763485,842,20.543128967285156
1758086242.313979,843,20.542856216430664
1758086247.8871298,844,20.542264938354492
1758086253.4964082,845,20.54472541809082
1758086259.156957,846,20.545034408569336
1758086264.840742,847,20.54486656188965
1758086270.5009975,848,20.542882919311523
1758086276.2321777,849,20.541879653930664
1758086281.9083319,850,20.53734588623047
1758086287.6177301,851,20.54155731201172
1758086293.323981,852,20.545724868774414
1758086299.0382826,853,20.54000473022461
1758086304.6829417,854,20.542098999023438
1758086310.3672805,855,20.540250778198242
1758086316.0557225,856,20.544891357421875
1758086321.7269163,857,20.541728973388672
1758086327.438774,858,20.54140281677246
1758086333.1505575,859,20.54693603515625
1758086338.8803566,860,20.544511795043945
1758086344.6137831,861,20.544898986816406
1758086350.319672,862,20.544889450073242
1758086356.0122135,863,20.546510696411133
1758086361.675879,864,20.54880142211914
1758086367.3401,865,20.545289993286133
1758086373.0081758,866,20.554113388061523
1758086378.6714537,867,20.55144691467285
1758086384.3028698,868,20.556066513061523
1758086389.9141014,869,20.558507919311523
1758086395.5314827,870,20.556602478027344
1758086401.1869965,871,20.55460548400879
1758086406.830393,872,20.555587768554688
1758086412.463204,873,20.557514190673828
1758086418.080655,874,20.556793212890625
1758086423.6578279,875,20.555959701538086
1758086429.2375681,876,20.555973052978516
1758086434.7779152,877,20.55848503112793
1758086440.2924564,878,20.559022903442383
1758086445.8313515,879,20.560060501098633
1758086451.314931,880,20.559268951416016
1758086456.8668249,881,20.558300018310547
1758086462.3325741,882,20.562103271484375
1758086467.8276145,883,20.5627498626709
1758086473.3147938,884,20.561492919921875
1758086478.840861,885,20.558664321899414
1758086484.3966696,886,20.558855056762695
1758086489.948454,887,20.56288719177246
1758086495.5191858,888,20.560331344604492
1758086501.0923052,889,20.56523323059082
1758086506.6600456,890,20.56110954284668
1758086512.2187598,891,20.56062889099121
1758086517.7943072,892,20.56519889831543
1758086523.3360503,893,20.566272735595703
1758086528.880662,894,20.56255340576172
1758086534.4482143,895,20.56871795654297
1758086540.0402906,896,20.565603256225586
1758086545.644953,897,20.567485809326172
1758086551.2445679,898,20.569398880004883
1758086556.8736448,899,20.356821060180664
1758086562.529454,900,20.565717697143555
1758086568.1904478,901,20.36207389831543
1758086573.834397,902,20.568370819091797
1758086579.494517,903,20.572660446166992
1758086585.131406,904,20.570594787597656
1758086590.61,905,20.57073974609375
1758086596.1417682,906,20.572946548461914
1758086601.64892,907,20.570775985717773
1758086607.144667,908,20.571868896484375
1758086612.6688666,909,20.569442749023438
1758086618.1502974,910,20.57449722290039
1758086623.6279123,911,20.57343101501465
1758086629.1152709,912,20.571352005004883
1758086634.664585,913,20.57050132751465
1758086640.1506977,914,20.36227798461914
1758086645.7685366,915,20.5736141204834
1758086651.3676193,916,20.569137573242188
1758086656.9262314,917,20.57035255432129
1758086662.4705138,918,20.576963424682617
1758086667.987607,919,20.577335357666016
1758086673.5110598,920,20.577255249023438
1758086679.0514936,921,20.57570457458496
1758086684.563495,922,20.574020385742188
1758086690.1010876,923,20.573196411132812
1758086695.6042228,924,20.572837829589844
1758086701.1285725,925,20.572044372558594
1758086706.61132,926,20.572175979614258
1758086712.132749,927,20.572629928588867
1758086717.7138493,928,20.57222557067871
1758086723.2823305,929,20.57577896118164
1758086728.8785474,930,20.574237823486328
1758086734.3342547,931,20.569738388061523
1758086739.7193654,932,20.57084846496582
1758086745.1381948,933,20.573671340942383
1758086750.5699499,934,20.577163696289062
1758086755.9762928,935,20.572063446044922
1758086761.3757534,936,20.57193374633789
1758086766.987404,937,20.576210021972656
1758086772.580434,938,20.57673454284668
1758086778.2190528,939,20.579235076904297
1758086783.9027913,940,20.574270248413086
1758086789.5869985,941,20.5765380859375
1758086795.2861125,942,20.579023361206055
1758086800.8800435,943,20.571882247924805
1758086806.508335,944,20.58185577392578
1758086812.2898974,945,20.57956886291504
1758086818.0808344,946,20.574243545532227
1758086823.6629624,947,20.57752227783203
1758086829.2929022,948,20.577394485473633
1758086834.9234014,949,20.575443267822266
1758086840.559195,950,20.584897994995117
1758086846.2929747,951,20.581647872924805
1758086851.9579039,952,20.578214645385742
1758086857.5297282,953,20.57954978942871
1758086863.0686197,954,20.58115005493164
1758086868.6905837,955,20.58700942993164
1758086874.463145,956,20.580669403076172
1758086880.1252022,957,20.586755752563477
1758086885.6526408,958,20.583003997802734
1758086891.2968473,959,20.58185577392578
1758086896.966598,960,20.585874557495117
1758086902.3512738,961,20.586650848388672
1758086907.7217884,962,20.58549690246582
1758086913.3503985,963,20.586233139038086
1758086918.9096768,964,20.586091995239258
1758086924.4046957,965,20.583515167236328
1758086929.87842,966,20.58525276184082
1758086935.3808663,967,20.58660316467285
1758086941.0869255,968,20.587448120117188
1758086946.7544231,969,20.58753776550293
1758086952.4410067,970,20.583515167236328
1758086958.2234726,971,20.58547019958496
1758086964.009019,972,20.37116813659668
1758086969.5119393,973,20.16954803466797
1758086975.1402652,974,20.589458465576172
1758086980.7714584,975,20.594568252563477
1758086986.4823322,976,20.59171485900879
1758086992.168494,977,20.59107780456543
1758086997.893607,978,20.588836669921875
1758087003.59177,979,20.591411590576172
1758087009.3605065,980,20.59113311767578
1758087014.9261713,981,20.587526321411133
1758087020.5564926,982,20.58599090576172
1758087026.2100265,983,20.588153839111328
1758087031.811312,984,20.38433074951172
1758087037.445894,985,20.58760643005371
1758087042.9385958,986,20.592687606811523
1758087048.5808167,987,20.588035583496094
1758087054.3506262,988,20.58562469482422
1758087060.0260184,989,20.58807373046875
1758087065.718023,990,20.586320877075195
1758087071.3376243,991,20.58445167541504
1758087076.8412416,992,20.587486267089844
1758087082.4549508,993,20.584400177001953
1758087088.1131022,994,20.588911056518555
1758087093.7856104,995,20.58395004272461
1758087099.3200247,996,20.588272094726562
1758087104.8615499,997,20.581350326538086
1758087110.4103317,998,20.58392906188965
1758087115.9075081,999,20.58808708190918
1758087121.4108825,1000,20.588777542114258
